{
  "Queue": "VALUE_TBD",
  "UserMetadata": {},
  "Role": "VALUE_TBD",
  "Settings": {
    "OutputGroups": [
      {
        "Name": "Apple HLS",
        "Outputs": [
          {
            "ContainerSettings": {
              "Container": "M3U8",
              "M3u8Settings": {
                "AudioFramesPerPes": 4,
                "PcrControl": "PCR_EVERY_PES_PACKET",
                "PmtPid": 480,
                "PrivateMetadataPid": 503,
                "ProgramNumber": 1,
                "PatInterval": 0,
                "PmtInterval": 0,
                "Scte35Source": "NONE",
                "NielsenId3": "NONE",
                "TimedMetadata": "NONE",
                "VideoPid": 481,
                "AudioPids": [
                  482,
                  483,
                  484,
                  485,
                  486,
                  487,
                  488,
                  489,
                  490,
                  491,
                  492
                ]
              }
            },
            "VideoDescription": {
              "Width": 1920,
              "ScalingBehavior": "DEFAULT",
              "Height": 1080,
              "TimecodeInsertion": "DISABLED",
              "AntiAlias": "ENABLED",
              "Sharpness": 100,
              "CodecSettings": {
                "Codec": "H_264",
                "H264Settings": {
                  "InterlaceMode": "PROGRESSIVE",
                  "NumberReferenceFrames": 3,
                  "Syntax": "DEFAULT",
                  "Softness": 0,
                  "GopClosedCadence": 1,
                  "HrdBufferInitialFillPercentage": 90,
                  "GopSize": 2,
                  "Slices": 1,
                  "GopBReference": "DISABLED",
                  "HrdBufferSize": 10000000,
                  "MaxBitrate": 5000000,
                  "SlowPal": "DISABLED",
                  "SpatialAdaptiveQuantization": "ENABLED",
                  "TemporalAdaptiveQuantization": "ENABLED",
                  "FlickerAdaptiveQuantization": "DISABLED",
                  "EntropyEncoding": "CABAC",
                  "FramerateControl": "INITIALIZE_FROM_SOURCE",
                  "RateControlMode": "QVBR",
                  "QvbrSettings": {
                    "QvbrQualityLevel": 9,
                    "QvbrQualityLevelFineTune": 0
                  },
                  "CodecProfile": "HIGH",
                  "Telecine": "NONE",
                  "MinIInterval": 0,
                  "AdaptiveQuantization": "HIGH",
                  "CodecLevel": "AUTO",
                  "FieldEncoding": "PAFF",
                  "SceneChangeDetect": "ENABLED",
                  "QualityTuningLevel": "SINGLE_PASS",
                  "FramerateConversionAlgorithm": "DUPLICATE_DROP",
                  "UnregisteredSeiTimecode": "DISABLED",
                  "GopSizeUnits": "SECONDS",
                  "ParControl": "INITIALIZE_FROM_SOURCE",
                  "NumberBFramesBetweenReferenceFrames": 3,
                  "RepeatPps": "DISABLED",
                  "DynamicSubGop": "STATIC"
                }
              },
              "AfdSignaling": "NONE",
              "DropFrameTimecode": "ENABLED",
              "RespondToAfd": "NONE",
              "ColorMetadata": "INSERT"
            },
            "OutputSettings": {
              "HlsSettings": {
                "AudioGroupId": "program_audio",
                "AudioRenditionSets": "program_audio",
                "AudioOnlyContainer": "AUTOMATIC",
                "IFrameOnlyManifest": "EXCLUDE"
              }
            },
            "NameModifier": "5Mbps"
          },
          {
            "ContainerSettings": {
              "Container": "M3U8",
              "M3u8Settings": {
                "AudioFramesPerPes": 4,
                "PcrControl": "PCR_EVERY_PES_PACKET",
                "PmtPid": 480,
                "PrivateMetadataPid": 503,
                "ProgramNumber": 1,
                "PatInterval": 0,
                "PmtInterval": 0,
                "Scte35Source": "NONE",
                "NielsenId3": "NONE",
                "TimedMetadata": "NONE",
                "VideoPid": 481,
                "AudioPids": [
                  482,
                  483,
                  484,
                  485,
                  486,
                  487,
                  488,
                  489,
                  490,
                  491,
                  492
                ]
              }
            },
            "OutputSettings": {
              "HlsSettings": {
                "AudioGroupId": "program_audio",
                "AudioOnlyContainer": "AUTOMATIC",
                "IFrameOnlyManifest": "EXCLUDE"
              }
            },
            "NameModifier": "_sub_VALUE_TBD",
            "CaptionDescriptions": [
              {
                "CaptionSelectorName": "Captions Selector 1",
                "DestinationSettings": {
                  "DestinationType": "WEBVTT"
                },
                "LanguageCode": "VALUE_TBD",
                "LanguageDescription": "VALUE_TBD"
              }
            ]
          },
          {
            "ContainerSettings": {
              "Container": "M3U8",
              "M3u8Settings": {
                "AudioFramesPerPes": 4,
                "PcrControl": "PCR_EVERY_PES_PACKET",
                "PmtPid": 480,
                "PrivateMetadataPid": 503,
                "ProgramNumber": 1,
                "PatInterval": 0,
                "PmtInterval": 0,
                "Scte35Source": "NONE",
                "NielsenId3": "NONE",
                "TimedMetadata": "NONE",
                "VideoPid": 481,
                "AudioPids": [
                  482,
                  483,
                  484,
                  485,
                  486,
                  487,
                  488,
                  489,
                  490,
                  491,
                  492
                ]
              }
            },
            "VideoDescription": {
              "Width": 1080,
              "ScalingBehavior": "DEFAULT",
              "Height": 720,
              "TimecodeInsertion": "DISABLED",
              "AntiAlias": "ENABLED",
              "Sharpness": 50,
              "CodecSettings": {
                "Codec": "H_264",
                "H264Settings": {
                  "InterlaceMode": "PROGRESSIVE",
                  "NumberReferenceFrames": 3,
                  "Syntax": "DEFAULT",
                  "Softness": 0,
                  "GopClosedCadence": 1,
                  "HrdBufferInitialFillPercentage": 90,
                  "GopSize": 2,
                  "Slices": 1,
                  "GopBReference": "DISABLED",
                  "HrdBufferSize": 4000000,
                  "MaxBitrate": 2000000,
                  "SlowPal": "DISABLED",
                  "SpatialAdaptiveQuantization": "ENABLED",
                  "TemporalAdaptiveQuantization": "ENABLED",
                  "FlickerAdaptiveQuantization": "DISABLED",
                  "EntropyEncoding": "CABAC",
                  "FramerateControl": "INITIALIZE_FROM_SOURCE",
                  "RateControlMode": "QVBR",
                  "QvbrSettings": {
                    "QvbrQualityLevel": 7,
                    "QvbrQualityLevelFineTune": 0
                  },
                  "CodecProfile": "HIGH",
                  "Telecine": "NONE",
                  "MinIInterval": 0,
                  "AdaptiveQuantization": "HIGH",
                  "CodecLevel": "AUTO",
                  "FieldEncoding": "PAFF",
                  "SceneChangeDetect": "ENABLED",
                  "QualityTuningLevel": "SINGLE_PASS",
                  "FramerateConversionAlgorithm": "DUPLICATE_DROP",
                  "UnregisteredSeiTimecode": "DISABLED",
                  "GopSizeUnits": "SECONDS",
                  "ParControl": "INITIALIZE_FROM_SOURCE",
                  "NumberBFramesBetweenReferenceFrames": 2,
                  "RepeatPps": "DISABLED",
                  "DynamicSubGop": "STATIC"
                }
              },
              "AfdSignaling": "NONE",
              "DropFrameTimecode": "ENABLED",
              "RespondToAfd": "NONE",
              "ColorMetadata": "INSERT"
            },
            "OutputSettings": {
              "HlsSettings": {
                "AudioGroupId": "program_audio",
                "AudioRenditionSets": "program_audio",
                "AudioOnlyContainer": "AUTOMATIC",
                "IFrameOnlyManifest": "EXCLUDE"
              }
            },
            "NameModifier": "2Mbps"
          },
          {
            "ContainerSettings": {
              "Container": "M3U8",
              "M3u8Settings": {
                "AudioFramesPerPes": 4,
                "PcrControl": "PCR_EVERY_PES_PACKET",
                "PmtPid": 480,
                "PrivateMetadataPid": 503,
                "ProgramNumber": 1,
                "PatInterval": 0,
                "PmtInterval": 0,
                "Scte35Source": "NONE",
                "NielsenId3": "NONE",
                "TimedMetadata": "NONE",
                "VideoPid": 481,
                "AudioPids": [
                  482,
                  483,
                  484,
                  485,
                  486,
                  487,
                  488,
                  489,
                  490,
                  491,
                  492
                ]
              }
            },
            "VideoDescription": {
              "Width": 640,
              "ScalingBehavior": "DEFAULT",
              "Height": 360,
              "TimecodeInsertion": "DISABLED",
              "AntiAlias": "ENABLED",
              "Sharpness": 50,
              "CodecSettings": {
                "Codec": "H_264",
                "H264Settings": {
                  "InterlaceMode": "PROGRESSIVE",
                  "NumberReferenceFrames": 3,
                  "Syntax": "DEFAULT",
                  "Softness": 0,
                  "GopClosedCadence": 1,
                  "HrdBufferInitialFillPercentage": 90,
                  "GopSize": 2,
                  "Slices": 1,
                  "GopBReference": "DISABLED",
                  "HrdBufferSize": 2000000,
                  "MaxBitrate": 1000000,
                  "SlowPal": "DISABLED",
                  "SpatialAdaptiveQuantization": "ENABLED",
                  "TemporalAdaptiveQuantization": "ENABLED",
                  "FlickerAdaptiveQuantization": "DISABLED",
                  "EntropyEncoding": "CABAC",
                  "FramerateControl": "INITIALIZE_FROM_SOURCE",
                  "RateControlMode": "QVBR",
                  "QvbrSettings": {
                    "QvbrQualityLevel": 7,
                    "QvbrQualityLevelFineTune": 0
                  },
                  "CodecProfile": "MAIN",
                  "Telecine": "NONE",
                  "MinIInterval": 0,
                  "AdaptiveQuantization": "HIGH",
                  "CodecLevel": "AUTO",
                  "FieldEncoding": "PAFF",
                  "SceneChangeDetect": "ENABLED",
                  "QualityTuningLevel": "SINGLE_PASS",
                  "FramerateConversionAlgorithm": "DUPLICATE_DROP",
                  "UnregisteredSeiTimecode": "DISABLED",
                  "GopSizeUnits": "FRAMES",
                  "ParControl": "INITIALIZE_FROM_SOURCE",
                  "NumberBFramesBetweenReferenceFrames": 2,
                  "RepeatPps": "DISABLED",
                  "DynamicSubGop": "STATIC"
                }
              },
              "AfdSignaling": "NONE",
              "DropFrameTimecode": "ENABLED",
              "RespondToAfd": "NONE",
              "ColorMetadata": "INSERT"
            },
            "OutputSettings": {
              "HlsSettings": {
                "AudioGroupId": "program_audio",
                "AudioRenditionSets": "program_audio",
                "AudioOnlyContainer": "AUTOMATIC",
                "IFrameOnlyManifest": "EXCLUDE"
              }
            },
            "NameModifier": "1Mbps"
          },
          {
            "ContainerSettings": {
              "Container": "M3U8",
              "M3u8Settings": {
                "AudioFramesPerPes": 4,
                "PcrControl": "PCR_EVERY_PES_PACKET",
                "PmtPid": 480,
                "PrivateMetadataPid": 503,
                "ProgramNumber": 1,
                "PatInterval": 0,
                "PmtInterval": 0,
                "Scte35Source": "NONE",
                "NielsenId3": "NONE",
                "TimedMetadata": "NONE",
                "VideoPid": 481,
                "AudioPids": [
                  482,
                  483,
                  484,
                  485,
                  486,
                  487,
                  488,
                  489,
                  490,
                  491,
                  492
                ]
              }
            },
            "AudioDescriptions": [
              {
                "AudioTypeControl": "FOLLOW_INPUT",
                "AudioSourceName": "Audio Selector 1",
                "CodecSettings": {
                  "Codec": "AAC",
                  "AacSettings": {
                    "AudioDescriptionBroadcasterMix": "NORMAL",
                    "Bitrate": 96000,
                    "RateControlMode": "CBR",
                    "CodecProfile": "LC",
                    "CodingMode": "CODING_MODE_2_0",
                    "RawFormat": "NONE",
                    "SampleRate": 48000,
                    "Specification": "MPEG4"
                  }
                },
                "StreamName": "VALUE_TBD",
                "LanguageCodeControl": "USE_CONFIGURED",
                "LanguageCode": "VALUE_TBD"
              }
            ],
            "OutputSettings": {
              "HlsSettings": {
                "AudioGroupId": "program_audio",
                "AudioTrackType": "ALTERNATE_AUDIO_AUTO_SELECT_DEFAULT",
                "AudioOnlyContainer": "AUTOMATIC",
                "IFrameOnlyManifest": "EXCLUDE"
              }
            },
            "NameModifier": "VALUE_TBD"
          }
        ],
        "OutputGroupSettings": {
          "Type": "HLS_GROUP_SETTINGS",
          "HlsGroupSettings": {
            "ManifestDurationFormat": "INTEGER",
            "SegmentLength": 2,
            "TimedMetadataId3Period": 10,
            "CaptionLanguageSetting": "OMIT",
            "Destination": "VALUE_TBD",
            "TimedMetadataId3Frame": "PRIV",
            "CodecSpecification": "RFC_4281",
            "OutputSelection": "MANIFESTS_AND_SEGMENTS",
            "ProgramDateTimePeriod": 600,
            "MinSegmentLength": 0,
            "MinFinalSegmentLength": 0,
            "DirectoryStructure": "SINGLE_DIRECTORY",
            "ProgramDateTime": "EXCLUDE",
            "SegmentControl": "SEGMENTED_FILES",
            "ManifestCompression": "NONE",
            "ClientCache": "ENABLED",
            "StreamInfResolution": "INCLUDE"
          }
        }
      }
    ],
    "AdAvailOffset": 0,
    "Inputs": [
      {
        "AudioSelectors": {
          "Audio Selector 1": {
            "Tracks": [
              1
            ],
            "Offset": 0,
            "DefaultSelection": "DEFAULT",
            "SelectorType": "TRACK",
            "ProgramSelection": 0
          }
        },
        "VideoSelector": {
          "ColorSpace": "FOLLOW",
          "Rotate": "DEGREE_0",
          "AlphaBehavior": "DISCARD"
        },
        "FilterEnable": "AUTO",
        "PsiControl": "USE_PSI",
        "FilterStrength": 0,
        "DeblockFilter": "DISABLED",
        "DenoiseFilter": "DISABLED",
        "TimecodeSource": "ZEROBASED",
        "CaptionSelectors": {
          "Captions Selector 1": {
            "SourceSettings": {
              "SourceType": "SRT",
              "FileSourceSettings": {
                "SourceFile": ""
              }
            }
          }
        },
        "FileInput": "VALUE_TBD"
      }
    ]
  },
  "AccelerationSettings": {
    "Mode": "DISABLED"
  },
  "StatusUpdateInterval": "SECONDS_60",
  "Priority": 0
}